gender,lsoa_11,count,count_all,rate
Female,E01006512,19,3388,0.56
Male,E01006512,13,3095,0.42
Female,E01006513,26,6230,0.42
Male,E01006513,18,5054,0.36
Female,E01006514,18,1949,0.92
Male,E01006514,12,1880,0.64
Female,E01006515,26,1612,1.61
Male,E01006515,20,1434,1.39
Female,E01006518,58,1055,5.5
Male,E01006518,21,1008,2.08
Female,E01006519,14,630,2.22
Male,E01006519,13,619,2.1
Female,E01006520,18,986,1.83
Male,E01006520,18,1158,1.55
Female,E01006521,31,878,3.53
Male,E01006521,16,888,1.8
Female,E01006522,19,949,2
Male,E01006522,15,1051,1.43
Female,E01006523,28,848,3.3
Male,E01006523,14,881,1.59
Female,E01006524,25,1264,1.98
Male,E01006524,17,1735,0.98
Female,E01006525,36,541,6.65
Male,E01006525,13,513,2.53
Female,E01006526,21,745,2.82
Male,E01006526,9,692,1.3
Female,E01006527,23,690,3.33
Male,E01006527,9,678,1.33
Female,E01006528,14,665,2.11
Male,E01006528,12,838,1.43
Female,E01006529,30,646,4.64
Male,E01006529,10,637,1.57
Female,E01006530,29,631,4.6
Male,E01006530,16,562,2.85
Female,E01006531,31,660,4.7
Male,E01006531,23,597,3.85
Female,E01006532,28,791,3.54
Male,E01006532,16,748,2.14
Female,E01006533,24,617,3.89
Male,E01006533,19,613,3.1
Female,E01006534,43,899,4.78
Male,E01006534,15,879,1.71
Female,E01006535,62,948,6.54
Male,E01006535,32,857,3.73
Female,E01006536,52,915,5.68
Male,E01006536,25,881,2.84
Female,E01006537,40,1144,3.5
Male,E01006537,20,1130,1.77
Female,E01006538,27,572,4.72
Male,E01006538,6,584,1.03
Female,E01006539,30,674,4.45
Male,E01006539,12,665,1.8
Female,E01006540,21,957,2.19
Male,E01006540,15,1184,1.27
Female,E01006541,25,688,3.63
Male,E01006541,15,707,2.12
Female,E01006542,24,667,3.6
Male,E01006542,8,770,1.04
Female,E01006543,19,569,3.34
Male,E01006543,10,557,1.8
Female,E01006544,43,936,4.59
Male,E01006544,14,845,1.66
Female,E01006545,16,734,2.18
Male,E01006545,8,681,1.17
Female,E01006546,19,663,2.87
Male,E01006546,7,802,0.87
Female,E01006547,26,865,3.01
Male,E01006547,9,974,0.92
Female,E01006548,41,1030,3.98
Male,E01006548,14,1092,1.28
Female,E01006549,13,976,1.33
Male,E01006549,9,1235,0.73
Female,E01006550,20,1546,1.29
Male,E01006550,8,1111,0.72
Female,E01006551,32,913,3.5
Male,E01006551,17,1187,1.43
Female,E01006552,23,1014,2.27
Male,E01006552,16,1340,1.19
Female,E01006553,24,990,2.42
Male,E01006553,11,902,1.22
Female,E01006554,9,1054,0.85
Male,E01006554,,1006,0.5
Female,E01006556,30,1206,2.49
Male,E01006556,17,1608,1.06
Female,E01006557,15,1412,1.06
Male,E01006557,14,1070,1.31
Female,E01006558,19,653,2.91
Male,E01006558,9,742,1.21
Female,E01006560,48,948,5.06
Male,E01006560,21,1007,2.09
Female,E01006562,17,728,2.34
Male,E01006562,8,798,1
Female,E01006563,29,876,3.31
Male,E01006563,19,1023,1.86
Female,E01006564,37,787,4.7
Male,E01006564,17,838,2.03
Female,E01006565,47,762,6.17
Male,E01006565,16,694,2.31
Female,E01006566,27,659,4.1
Male,E01006566,10,628,1.59
Female,E01006567,33,672,4.91
Male,E01006567,16,735,2.18
Female,E01006568,42,765,5.49
Male,E01006568,15,687,2.18
Female,E01006569,40,710,5.63
Male,E01006569,20,629,3.18
Female,E01006570,29,669,4.33
Male,E01006570,26,686,3.79
Female,E01006571,48,553,8.68
Male,E01006571,17,498,3.41
Female,E01006572,30,343,8.75
Male,E01006572,9,282,3.19
Female,E01006573,50,655,7.63
Male,E01006573,16,657,2.44
Female,E01006574,20,244,8.2
Male,E01006574,6,215,2.79
Female,E01006575,30,631,4.75
Male,E01006575,16,594,2.69
Female,E01006576,29,788,3.68
Male,E01006576,15,767,1.96
Female,E01006577,33,685,4.82
Male,E01006577,13,660,1.97
Female,E01006578,24,614,3.91
Male,E01006578,17,596,2.85
Female,E01006579,36,757,4.76
Male,E01006579,14,739,1.89
Female,E01006580,15,622,2.41
Male,E01006580,9,618,1.46
Female,E01006581,22,739,2.98
Male,E01006581,8,683,1.17
Female,E01006582,29,701,4.14
Male,E01006582,13,732,1.78
Female,E01006583,21,1558,1.35
Male,E01006583,9,1083,0.83
Female,E01006584,33,592,5.57
Male,E01006584,12,556,2.16
Female,E01006585,28,614,4.56
Male,E01006585,23,619,3.72
Female,E01006586,42,927,4.53
Male,E01006586,15,959,1.56
Female,E01006587,25,717,3.49
Male,E01006587,9,752,1.2
Female,E01006588,32,916,3.49
Male,E01006588,11,902,1.22
Female,E01006589,21,727,2.89
Male,E01006589,10,751,1.33
Female,E01006590,34,890,3.82
Male,E01006590,22,831,2.65
Female,E01006591,30,761,3.94
Male,E01006591,13,733,1.77
Female,E01006592,32,806,3.97
Male,E01006592,15,726,2.07
Female,E01006593,22,746,2.95
Male,E01006593,,718,0.7
Female,E01006594,21,623,3.37
Male,E01006594,12,615,1.95
Female,E01006595,24,878,2.73
Male,E01006595,11,787,1.4
Female,E01006596,17,664,2.56
Male,E01006596,14,669,2.09
Female,E01006597,38,874,4.35
Male,E01006597,15,785,1.91
Female,E01006598,29,758,3.83
Male,E01006598,14,676,2.07
Female,E01006599,28,790,3.54
Male,E01006599,9,657,1.37
Female,E01006600,36,681,5.29
Male,E01006600,11,624,1.76
Female,E01006603,39,806,4.84
Male,E01006603,18,695,2.59
Female,E01006604,39,792,4.92
Male,E01006604,9,673,1.34
Female,E01006605,28,725,3.86
Male,E01006605,11,757,1.45
Female,E01006606,33,753,4.38
Male,E01006606,15,766,1.96
Female,E01006607,38,755,5.03
Male,E01006607,15,698,2.15
Female,E01006608,16,547,2.93
Male,E01006608,12,544,2.21
Female,E01006609,17,645,2.64
Male,E01006609,7,673,1.04
Female,E01006610,39,808,4.83
Male,E01006610,9,749,1.2
Female,E01006611,19,680,2.79
Male,E01006611,13,678,1.92
Female,E01006612,24,695,3.45
Male,E01006612,30,703,4.27
Female,E01006613,41,623,6.58
Male,E01006613,19,624,3.04
Female,E01006614,22,665,3.31
Male,E01006614,8,625,1.28
Female,E01006615,11,681,1.62
Male,E01006615,,657,0.61
Female,E01006616,24,642,3.74
Male,E01006616,9,669,1.35
Female,E01006617,40,763,5.24
Male,E01006617,14,652,2.15
Female,E01006618,48,807,5.95
Male,E01006618,14,765,1.83
Female,E01006619,25,776,3.22
Male,E01006619,13,672,1.93
Female,E01006620,31,685,4.53
Male,E01006620,11,636,1.73
Female,E01006621,22,783,2.81
Male,E01006621,16,775,2.06
Female,E01006622,23,624,3.69
Male,E01006622,14,619,2.26
Female,E01006623,24,672,3.57
Male,E01006623,15,686,2.19
Female,E01006624,33,621,5.31
Male,E01006624,14,638,2.19
Female,E01006625,29,738,3.93
Male,E01006625,9,677,1.33
Female,E01006626,20,656,3.05
Male,E01006626,11,662,1.66
Female,E01006627,19,608,3.12
Male,E01006627,15,621,2.42
Female,E01006628,32,1227,2.61
Male,E01006628,15,1237,1.21
Female,E01006629,45,705,6.38
Male,E01006629,12,701,1.71
Female,E01006630,61,1101,5.54
Male,E01006630,22,944,2.33
Female,E01006632,64,895,7.15
Male,E01006632,30,922,3.25
Female,E01006633,48,677,7.09
Male,E01006633,30,702,4.27
Female,E01006637,17,376,4.52
Male,E01006637,15,333,4.5
Female,E01006638,29,578,5.02
Male,E01006638,22,491,4.48
Female,E01006639,29,656,4.42
Male,E01006639,16,580,2.76
Female,E01006640,38,819,4.64
Male,E01006640,14,805,1.74
Female,E01006641,29,574,5.05
Male,E01006641,17,573,2.97
Female,E01006642,26,594,4.38
Male,E01006642,9,532,1.69
Female,E01006643,34,504,6.75
Male,E01006643,9,416,2.16
Female,E01006644,34,554,6.14
Male,E01006644,17,570,2.98
Female,E01006645,19,323,5.88
Male,E01006645,,284,1.41
Female,E01006646,38,1334,2.85
Male,E01006646,33,1602,2.06
Female,E01006647,42,1076,3.9
Male,E01006647,18,997,1.81
Female,E01006648,59,1471,4.01
Male,E01006648,38,1430,2.66
Female,E01006651,25,704,3.55
Male,E01006651,9,689,1.31
Female,E01006652,17,610,2.79
Male,E01006652,9,575,1.57
Female,E01006653,36,625,5.76
Male,E01006653,14,639,2.19
Female,E01006654,17,600,2.83
Male,E01006654,9,624,1.44
Female,E01006655,32,769,4.16
Male,E01006655,14,700,2
Female,E01006656,26,561,4.63
Male,E01006656,11,531,2.07
Female,E01006657,15,520,2.88
Male,E01006657,,498,0.6
Female,E01006658,14,478,2.93
Male,E01006658,,414,0.97
Female,E01006659,17,649,2.62
Male,E01006659,11,841,1.31
Female,E01006660,19,667,2.85
Male,E01006660,10,679,1.47
Female,E01006661,60,828,7.25
Male,E01006661,31,774,4.01
Female,E01006662,84,1338,6.28
Male,E01006662,41,1081,3.79
Female,E01006663,24,462,5.19
Male,E01006663,16,426,3.76
Female,E01006664,36,958,3.76
Male,E01006664,20,927,2.16
Female,E01006665,24,697,3.44
Male,E01006665,11,670,1.64
Female,E01006666,21,648,3.24
Male,E01006666,11,576,1.91
Female,E01006667,23,634,3.63
Male,E01006667,17,627,2.71
Female,E01006668,18,636,2.83
Male,E01006668,9,609,1.48
Female,E01006669,25,691,3.62
Male,E01006669,8,643,1.24
Female,E01006670,24,695,3.45
Male,E01006670,10,686,1.46
Female,E01006671,16,372,4.3
Male,E01006671,11,352,3.12
Female,E01006672,42,941,4.46
Male,E01006672,19,826,2.3
Female,E01006673,34,1143,2.97
Male,E01006673,26,1342,1.94
Female,E01006674,43,1156,3.72
Male,E01006674,31,1227,2.53
Female,E01006675,33,1189,2.78
Male,E01006675,17,1516,1.12
Female,E01006676,48,969,4.95
Male,E01006676,12,1067,1.12
Female,E01006677,35,746,4.69
Male,E01006677,11,653,1.68
Female,E01006678,81,1073,7.55
Male,E01006678,40,1110,3.6
Female,E01006679,50,1388,3.6
Male,E01006679,28,1521,1.84
Female,E01006680,33,689,4.79
Male,E01006680,20,703,2.84
Female,E01006681,34,732,4.64
Male,E01006681,20,734,2.72
Female,E01006682,21,610,3.44
Male,E01006682,10,579,1.73
Female,E01006683,22,715,3.08
Male,E01006683,13,676,1.92
Female,E01006684,44,1103,3.99
Male,E01006684,13,1040,1.25
Female,E01006685,26,812,3.2
Male,E01006685,26,756,3.44
Female,E01006686,30,636,4.72
Male,E01006686,11,596,1.85
Female,E01006687,47,1086,4.33
Male,E01006687,22,1101,2
Female,E01006688,31,701,4.42
Male,E01006688,13,750,1.73
Female,E01006689,22,746,2.95
Male,E01006689,14,696,2.01
Female,E01006690,35,1075,3.26
Male,E01006690,15,1262,1.19
Female,E01006691,28,1279,2.19
Male,E01006691,25,1273,1.96
Female,E01006692,46,1271,3.62
Male,E01006692,26,1521,1.71
Female,E01006693,40,845,4.73
Male,E01006693,33,943,3.5
Female,E01006694,30,1205,2.49
Male,E01006694,14,1391,1.01
Female,E01006695,39,1131,3.45
Male,E01006695,15,1598,0.94
Female,E01006696,41,1193,3.44
Male,E01006696,26,1302,2
Female,E01006697,32,1342,2.38
Male,E01006697,13,1467,0.89
Female,E01006698,23,786,2.93
Male,E01006698,10,791,1.26
Female,E01006699,28,780,3.59
Male,E01006699,18,911,1.98
Female,E01006700,29,799,3.63
Male,E01006700,11,818,1.34
Female,E01006701,30,777,3.86
Male,E01006701,12,777,1.54
Female,E01006702,17,843,2.02
Male,E01006702,13,865,1.5
Female,E01006703,37,863,4.29
Male,E01006703,19,924,2.06
Female,E01006705,16,709,2.26
Male,E01006705,12,753,1.59
Female,E01006706,34,659,5.16
Male,E01006706,9,628,1.43
Female,E01006707,15,694,2.16
Male,E01006707,17,629,2.7
Female,E01006708,37,890,4.16
Male,E01006708,16,813,1.97
Female,E01006709,26,708,3.67
Male,E01006709,17,716,2.37
Female,E01006710,21,696,3.02
Male,E01006710,13,620,2.1
Female,E01006711,30,748,4.01
Male,E01006711,14,838,1.67
Female,E01006712,26,656,3.96
Male,E01006712,11,531,2.07
Female,E01006713,27,618,4.37
Male,E01006713,14,594,2.36
Female,E01006716,43,786,5.47
Male,E01006716,27,673,4.01
Female,E01006717,30,659,4.55
Male,E01006717,12,707,1.7
Female,E01006718,14,742,1.89
Male,E01006718,19,773,2.46
Female,E01006719,32,648,4.94
Male,E01006719,12,627,1.91
Female,E01006720,31,1426,2.17
Male,E01006720,18,1678,1.07
Female,E01006721,24,938,2.56
Male,E01006721,15,1014,1.48
Female,E01006722,6,1545,0.39
Male,E01006722,9,1348,0.67
Female,E01006723,12,1308,0.92
Male,E01006723,7,1217,0.58
Female,E01006724,16,1118,1.43
Male,E01006724,8,845,0.95
Female,E01006725,36,784,4.59
Male,E01006725,14,801,1.75
Female,E01006726,23,1013,2.27
Male,E01006726,9,972,0.93
Female,E01006727,22,659,3.34
Male,E01006727,11,692,1.59
Female,E01006728,25,940,2.66
Male,E01006728,16,903,1.77
Female,E01006729,30,627,4.78
Male,E01006729,15,582,2.58
Female,E01006730,25,637,3.92
Male,E01006730,13,639,2.03
Female,E01006731,31,576,5.38
Male,E01006731,15,541,2.77
Female,E01006732,26,809,3.21
Male,E01006732,10,689,1.45
Female,E01006734,25,742,3.37
Male,E01006734,13,621,2.09
Female,E01006735,23,674,3.41
Male,E01006735,12,649,1.85
Female,E01006736,36,721,4.99
Male,E01006736,8,673,1.19
Female,E01006737,35,660,5.3
Male,E01006737,20,684,2.92
Female,E01006738,21,694,3.03
Male,E01006738,11,642,1.71
Female,E01006739,44,1047,4.2
Male,E01006739,19,1007,1.89
Female,E01006740,31,702,4.42
Male,E01006740,15,733,2.05
Female,E01006741,41,883,4.64
Male,E01006741,22,879,2.5
Female,E01006742,35,716,4.89
Male,E01006742,18,717,2.51
Female,E01006743,41,1009,4.06
Male,E01006743,15,1035,1.45
Female,E01006744,32,732,4.37
Male,E01006744,14,698,2.01
Female,E01006745,40,867,4.61
Male,E01006745,20,888,2.25
Female,E01006746,36,1089,3.31
Male,E01006746,17,964,1.76
Female,E01006747,30,3860,0.78
Male,E01006747,32,3631,0.88
Female,E01006748,22,1792,1.23
Male,E01006748,10,1467,0.68
Female,E01006751,55,2738,2.01
Male,E01006751,38,2903,1.31
Female,E01006752,18,586,3.07
Male,E01006752,8,684,1.17
Female,E01006753,25,818,3.06
Male,E01006753,19,750,2.53
Female,E01006754,43,834,5.16
Male,E01006754,20,853,2.34
Female,E01006755,45,739,6.09
Male,E01006755,17,760,2.24
Female,E01006756,30,861,3.48
Male,E01006756,16,813,1.97
Female,E01006757,29,691,4.2
Male,E01006757,10,678,1.47
Female,E01006758,24,670,3.58
Male,E01006758,9,661,1.36
Female,E01006759,21,534,3.93
Male,E01006759,8,590,1.36
Female,E01006760,22,865,2.54
Male,E01006760,16,1484,1.08
Female,E01006761,32,776,4.12
Male,E01006761,21,941,2.23
Female,E01006762,23,907,2.54
Male,E01006762,14,827,1.69
Female,E01006763,15,729,2.06
Male,E01006763,10,708,1.41
Female,E01006764,15,884,1.7
Male,E01006764,11,1029,1.07
Female,E01006765,11,689,1.6
Male,E01006765,9,787,1.14
Female,E01006766,13,740,1.76
Male,E01006766,10,875,1.14
Female,E01006767,28,988,2.83
Male,E01006767,14,1125,1.24
Female,E01006768,15,634,2.37
Male,E01006768,12,800,1.5
Female,E01006769,41,674,6.08
Male,E01006769,19,658,2.89
Female,E01006770,22,577,3.81
Male,E01006770,9,509,1.77
Female,E01006771,39,808,4.83
Male,E01006771,23,723,3.18
Female,E01006772,26,542,4.8
Male,E01006772,7,540,1.3
Female,E01006773,22,582,3.78
Male,E01006773,7,576,1.22
Female,E01006774,20,671,2.98
Male,E01006774,11,605,1.82
Female,E01006775,38,824,4.61
Male,E01006775,18,682,2.64
Female,E01006776,51,1069,4.77
Male,E01006776,28,1069,2.62
Female,E01006778,43,1000,4.3
Male,E01006778,15,1024,1.46
Female,E01006779,72,1136,6.34
Male,E01006779,40,1103,3.63
Female,E01006780,18,520,3.46
Male,E01006780,7,555,1.26
Female,E01006781,17,514,3.31
Male,E01006781,8,512,1.56
Female,E01006782,17,501,3.39
Male,E01006782,,533,0.94
Female,E01006783,29,660,4.39
Male,E01006783,11,635,1.73
Female,E01006784,16,541,2.96
Male,E01006784,,510,0.78
Female,E01006785,15,611,2.45
Male,E01006785,10,625,1.6
Female,E01006786,20,664,3.01
Male,E01006786,11,740,1.49
Female,E01006787,19,566,3.36
Male,E01006787,12,607,1.98
Female,E01006788,17,749,2.27
Male,E01006788,10,773,1.29
Female,E01006790,29,894,3.24
Male,E01006790,11,816,1.35
Female,E01006791,28,778,3.6
Male,E01006791,15,869,1.73
Female,E01006792,28,594,4.71
Male,E01006792,15,594,2.53
Female,E01006793,21,662,3.17
Male,E01006793,12,647,1.85
Female,E01006794,28,742,3.77
Male,E01006794,12,698,1.72
Female,E01006795,35,719,4.87
Male,E01006795,19,651,2.92
Female,E01006796,34,745,4.56
Male,E01006796,22,766,2.87
Female,E01006797,25,636,3.93
Male,E01006797,14,602,2.33
Female,E01006798,26,615,4.23
Male,E01006798,10,563,1.78
Female,E01006799,57,900,6.33
Male,E01006799,23,855,2.69
Female,E01006800,27,654,4.13
Male,E01006800,25,653,3.83
Female,E01006801,23,848,2.71
Male,E01006801,19,778,2.44
Female,E01007110,28,867,3.23
Male,E01007110,19,860,2.21
Female,E01007111,26,801,3.25
Male,E01007111,6,775,0.77
Female,E01007112,29,808,3.59
Male,E01007112,17,786,2.16
Female,E01007113,21,691,3.04
Male,E01007113,11,668,1.65
Female,E01007114,37,783,4.73
Male,E01007114,10,777,1.29
Female,E01007115,23,824,2.79
Male,E01007115,23,839,2.74
Female,E01007116,20,793,2.52
Male,E01007116,19,791,2.4
Female,E01007117,36,868,4.15
Male,E01007117,18,828,2.17
Female,E01007118,39,839,4.65
Male,E01007118,26,766,3.39
Female,E01007119,30,867,3.46
Male,E01007119,30,843,3.56
Female,E01007120,24,734,3.27
Male,E01007120,10,712,1.4
Female,E01007121,25,844,2.96
Male,E01007121,16,762,2.1
Female,E01007122,29,883,3.28
Male,E01007122,17,901,1.89
Female,E01007123,40,975,4.1
Male,E01007123,23,857,2.68
Female,E01007124,33,1046,3.15
Male,E01007124,16,954,1.68
Female,E01007125,32,900,3.56
Male,E01007125,14,880,1.59
Female,E01007126,22,987,2.23
Male,E01007126,25,1162,2.15
Female,E01007127,33,910,3.63
Male,E01007127,17,946,1.8
Female,E01007128,30,847,3.54
Male,E01007128,24,1022,2.35
Female,E01007129,26,825,3.15
Male,E01007129,23,943,2.44
Female,E01007130,22,967,2.28
Male,E01007130,13,1050,1.24
Female,E01007131,41,909,4.51
Male,E01007131,23,919,2.5
Female,E01007133,29,692,4.19
Male,E01007133,19,769,2.47
Female,E01007135,41,807,5.08
Male,E01007135,27,837,3.23
Female,E01007136,50,934,5.35
Male,E01007136,35,845,4.14
Female,E01007137,43,837,5.14
Male,E01007137,30,868,3.46
Female,E01007138,29,931,3.11
Male,E01007138,32,980,3.27
Female,E01007139,20,821,2.44
Male,E01007139,13,869,1.5
Female,E01007140,28,1410,1.99
Male,E01007140,27,1316,2.05
Female,E01007141,37,890,4.16
Male,E01007141,21,796,2.64
Female,E01007142,48,1070,4.49
Male,E01007142,45,985,4.57
Female,E01007143,36,1010,3.56
Male,E01007143,19,998,1.9
Female,E01007144,56,902,6.21
Male,E01007144,38,788,4.82
Female,E01007145,29,658,4.41
Male,E01007145,22,618,3.56
Female,E01007146,35,764,4.58
Male,E01007146,18,739,2.44
Female,E01007147,37,769,4.81
Male,E01007147,12,690,1.74
Female,E01007148,34,848,4.01
Male,E01007148,19,890,2.13
Female,E01007149,32,783,4.09
Male,E01007149,18,757,2.38
Female,E01007150,33,710,4.65
Male,E01007150,15,694,2.16
Female,E01007151,35,850,4.12
Male,E01007151,17,782,2.17
Female,E01007152,42,903,4.65
Male,E01007152,11,815,1.35
Female,E01007153,48,907,5.29
Male,E01007153,23,784,2.93
Female,E01007154,41,825,4.97
Male,E01007154,19,785,2.42
Female,E01007155,50,787,6.35
Male,E01007155,34,932,3.65
Female,E01007156,32,809,3.96
Male,E01007156,21,870,2.41
Female,E01007157,18,840,2.14
Male,E01007157,17,784,2.17
Female,E01007158,22,830,2.65
Male,E01007158,21,779,2.7
Female,E01007159,46,1165,3.95
Male,E01007159,25,1132,2.21
Female,E01007160,45,852,5.28
Male,E01007160,24,825,2.91
Female,E01007161,26,836,3.11
Male,E01007161,15,782,1.92
Female,E01007162,29,864,3.36
Male,E01007162,12,796,1.51
Female,E01007163,45,1308,3.44
Male,E01007163,22,1284,1.71
Female,E01007164,36,993,3.63
Male,E01007164,17,954,1.78
Female,E01007165,32,641,4.99
Male,E01007165,12,623,1.93
Female,E01007166,31,754,4.11
Male,E01007166,19,708,2.68
Female,E01007167,39,826,4.72
Male,E01007167,24,875,2.74
Female,E01007168,51,958,5.32
Male,E01007168,28,858,3.26
Female,E01007169,45,934,4.82
Male,E01007169,26,850,3.06
Female,E01007170,37,893,4.14
Male,E01007170,25,892,2.8
Female,E01007171,40,815,4.91
Male,E01007171,24,816,2.94
Female,E01007172,46,819,5.62
Male,E01007172,22,719,3.06
Female,E01007173,29,847,3.42
Male,E01007173,21,829,2.53
Female,E01007174,33,943,3.5
Male,E01007174,15,876,1.71
Female,E01007175,43,994,4.33
Male,E01007175,31,1019,3.04
Female,E01007176,43,846,5.08
Male,E01007176,20,858,2.33
Female,E01007177,42,838,5.01
Male,E01007177,19,786,2.42
Female,E01007178,40,841,4.76
Male,E01007178,19,870,2.18
Female,E01007179,14,695,2.01
Male,E01007179,9,719,1.25
Female,E01007180,27,752,3.59
Male,E01007180,22,820,2.68
Female,E01007181,36,819,4.4
Male,E01007181,14,748,1.87
Female,E01007182,28,877,3.19
Male,E01007182,11,750,1.47
Female,E01007183,21,671,3.13
Male,E01007183,18,684,2.63
Female,E01007184,34,864,3.94
Male,E01007184,25,761,3.29
Female,E01007185,17,841,2.02
Male,E01007185,9,785,1.15
Female,E01007186,18,810,2.22
Male,E01007186,9,762,1.18
Female,E01007187,31,780,3.97
Male,E01007187,10,762,1.31
Female,E01007188,11,772,1.42
Male,E01007188,11,764,1.44
Female,E01007189,30,899,3.34
Male,E01007189,16,827,1.93
Female,E01007190,27,829,3.26
Male,E01007190,17,777,2.19
Female,E01007191,20,704,2.84
Male,E01007191,8,736,1.09
Female,E01007192,41,764,5.37
Male,E01007192,19,717,2.65
Female,E01007193,40,961,4.16
Male,E01007193,28,915,3.06
Female,E01007194,35,895,3.91
Male,E01007194,25,775,3.23
Female,E01007195,23,890,2.58
Male,E01007195,13,860,1.51
Female,E01007196,48,947,5.07
Male,E01007196,28,771,3.63
Female,E01007197,36,914,3.94
Male,E01007197,19,858,2.21
Female,E01007198,28,870,3.22
Male,E01007198,17,809,2.1
Female,E01007199,27,825,3.27
Male,E01007199,18,799,2.25
Female,E01007200,35,895,3.91
Male,E01007200,13,860,1.51
Female,E01007201,30,831,3.61
Male,E01007201,21,774,2.71
Female,E01007202,25,801,3.12
Male,E01007202,19,705,2.7
Female,E01007203,29,1015,2.86
Male,E01007203,10,1024,0.98
Female,E01007204,28,933,3
Male,E01007204,19,924,2.06
Female,E01007205,29,893,3.25
Male,E01007205,8,871,0.92
Female,E01007206,32,960,3.33
Male,E01007206,20,996,2.01
Female,E01007207,29,819,3.54
Male,E01007207,18,724,2.49
Female,E01007208,29,931,3.11
Male,E01007208,23,817,2.82
Female,E01007209,33,808,4.08
Male,E01007209,28,793,3.53
Female,E01007210,34,1121,3.03
Male,E01007210,16,1072,1.49
Female,E01007211,35,641,5.46
Male,E01007211,12,609,1.97
Female,E01007212,30,776,3.87
Male,E01007212,10,745,1.34
Female,E01007213,36,820,4.39
Male,E01007213,13,749,1.74
Female,E01007214,33,831,3.97
Male,E01007214,26,871,2.99
Female,E01007215,44,814,5.41
Male,E01007215,16,924,1.73
Female,E01007216,24,802,2.99
Male,E01007216,15,800,1.88
Female,E01007217,24,857,2.8
Male,E01007217,17,819,2.08
Female,E01007218,33,818,4.03
Male,E01007218,18,822,2.19
Female,E01007219,23,779,2.95
Male,E01007219,14,869,1.61
Female,E01007220,35,760,4.61
Male,E01007220,16,776,2.06
Female,E01007221,25,815,3.07
Male,E01007221,21,734,2.86
Female,E01007222,32,841,3.8
Male,E01007222,17,788,2.16
Female,E01007223,27,851,3.17
Male,E01007223,11,810,1.36
Female,E01007224,16,766,2.09
Male,E01007224,11,754,1.46
Female,E01007225,55,1172,4.69
Male,E01007225,29,1077,2.69
Female,E01007226,31,836,3.71
Male,E01007226,16,834,1.92
Female,E01007227,43,869,4.95
Male,E01007227,19,830,2.29
Female,E01007228,30,796,3.77
Male,E01007228,23,791,2.91
Female,E01007229,22,883,2.49
Male,E01007229,18,886,2.03
Female,E01007230,21,673,3.12
Male,E01007230,15,654,2.29
Female,E01007231,37,862,4.29
Male,E01007231,21,847,2.48
Female,E01007232,49,847,5.79
Male,E01007232,30,848,3.54
Female,E01007233,33,904,3.65
Male,E01007233,16,964,1.66
Female,E01007234,20,790,2.53
Male,E01007234,18,769,2.34
Female,E01007235,14,804,1.74
Male,E01007235,11,833,1.32
Female,E01007236,31,742,4.18
Male,E01007236,14,712,1.97
Female,E01007237,26,806,3.23
Male,E01007237,26,845,3.08
Female,E01007238,25,798,3.13
Male,E01007238,15,814,1.84
Female,E01007239,48,869,5.52
Male,E01007239,17,844,2.01
Female,E01007240,52,805,6.46
Male,E01007240,49,868,5.65
Female,E01007241,34,755,4.5
Male,E01007241,26,729,3.57
Female,E01007242,48,892,5.38
Male,E01007242,19,868,2.19
Female,E01007243,40,817,4.9
Male,E01007243,13,774,1.68
Female,E01007244,42,1100,3.82
Male,E01007244,26,1078,2.41
Female,E01007245,24,755,3.18
Male,E01007245,17,757,2.25
Female,E01007246,24,749,3.2
Male,E01007246,12,755,1.59
Female,E01007247,29,843,3.44
Male,E01007247,17,819,2.08
Female,E01007248,25,767,3.26
Male,E01007248,21,785,2.68
Female,E01007249,19,763,2.49
Male,E01007249,13,697,1.87
Female,E01007250,25,744,3.36
Male,E01007250,13,730,1.78
Female,E01007251,20,645,3.1
Male,E01007251,12,606,1.98
Female,E01007252,43,826,5.21
Male,E01007252,23,781,2.94
Female,E01007253,37,825,4.48
Male,E01007253,19,798,2.38
Female,E01007254,36,860,4.19
Male,E01007254,19,894,2.13
Female,E01007255,19,812,2.34
Male,E01007255,13,837,1.55
Female,E01007256,40,873,4.58
Male,E01007256,29,801,3.62
Female,E01007257,26,732,3.55
Male,E01007257,16,696,2.3
Female,E01007258,28,794,3.53
Male,E01007258,17,732,2.32
Female,E01007259,20,641,3.12
Male,E01007259,12,591,2.03
Female,E01007260,29,855,3.39
Male,E01007260,16,814,1.97
Female,E01007261,32,714,4.48
Male,E01007261,17,650,2.62
Female,E01007262,29,783,3.7
Male,E01007262,17,788,2.16
Female,E01007263,34,794,4.28
Male,E01007263,18,755,2.38
Female,E01007264,24,726,3.31
Male,E01007264,15,667,2.25
Female,E01007265,20,729,2.74
Male,E01007265,16,680,2.35
Female,E01007266,21,790,2.66
Male,E01007266,17,790,2.15
Female,E01007267,26,771,3.37
Male,E01007267,24,722,3.32
Female,E01007268,23,682,3.37
Male,E01007268,22,632,3.48
Female,E01007269,27,944,2.86
Male,E01007269,18,913,1.97
Female,E01007270,37,955,3.87
Male,E01007270,21,997,2.11
Female,E01007271,58,906,6.4
Male,E01007271,23,864,2.66
Female,E01007272,21,756,2.78
Male,E01007272,17,834,2.04
Female,E01007273,33,753,4.38
Male,E01007273,19,777,2.45
Female,E01007274,33,815,4.05
Male,E01007274,10,856,1.17
Female,E01007275,26,787,3.3
Male,E01007275,16,826,1.94
Female,E01007276,22,790,2.78
Male,E01007276,14,837,1.67
Female,E01007277,26,759,3.43
Male,E01007277,8,797,1
Female,E01007278,34,788,4.31
Male,E01007278,12,791,1.52
Female,E01007279,19,848,2.24
Male,E01007279,7,818,0.86
Female,E01007280,32,909,3.52
Male,E01007280,16,888,1.8
Female,E01007281,21,734,2.86
Male,E01007281,16,727,2.2
Female,E01007282,23,727,3.16
Male,E01007282,17,642,2.65
Female,E01007283,21,700,3
Male,E01007283,16,675,2.37
Female,E01007284,22,871,2.53
Male,E01007284,17,861,1.97
Female,E01007285,31,790,3.92
Male,E01007285,7,747,0.94
Female,E01007286,15,739,2.03
Male,E01007286,9,799,1.13
Female,E01007287,43,1032,4.17
Male,E01007287,22,934,2.36
Female,E01007288,27,911,2.96
Male,E01007288,13,799,1.63
Female,E01007289,31,926,3.35
Male,E01007289,13,938,1.39
Female,E01007290,46,1061,4.34
Male,E01007290,42,1135,3.7
Female,E01007291,23,862,2.67
Male,E01007291,12,911,1.32
Female,E01007292,27,866,3.12
Male,E01007292,16,889,1.8
Female,E01007293,36,822,4.38
Male,E01007293,16,889,1.8
Female,E01007294,24,782,3.07
Male,E01007294,,727,0.69
Female,E01007295,33,883,3.74
Male,E01007295,14,898,1.56
Female,E01007296,35,932,3.76
Male,E01007296,11,886,1.24
Female,E01007297,28,813,3.44
Male,E01007297,10,728,1.37
Female,E01007298,55,878,6.26
Male,E01007298,18,820,2.2
Female,E01007299,24,706,3.4
Male,E01007299,12,663,1.81
Female,E01007300,43,1328,3.24
Male,E01007300,21,1201,1.75
Female,E01007301,28,883,3.17
Male,E01007301,17,803,2.12
Female,E01007302,25,985,2.54
Male,E01007302,14,1005,1.39
Female,E01007303,21,850,2.47
Male,E01007303,21,809,2.6
Female,E01007304,37,918,4.03
Male,E01007304,31,845,3.67
Female,E01007305,31,888,3.49
Male,E01007305,25,803,3.11
Female,E01007306,30,807,3.72
Male,E01007306,20,776,2.58
Female,E01007307,29,889,3.26
Male,E01007307,13,931,1.4
Female,E01007308,32,758,4.22
Male,E01007308,15,744,2.02
Female,E01007309,29,825,3.52
Male,E01007309,17,793,2.14
Female,E01007310,25,721,3.47
Male,E01007310,14,704,1.99
Female,E01007311,30,736,4.08
Male,E01007311,13,754,1.72
Female,E01007312,33,818,4.03
Male,E01007312,13,781,1.66
Female,E01007313,33,850,3.88
Male,E01007313,27,785,3.44
Female,E01007314,25,807,3.1
Male,E01007314,12,750,1.6
Female,E01007315,26,827,3.14
Male,E01007315,12,761,1.58
Female,E01007316,29,857,3.38
Male,E01007316,23,853,2.7
Female,E01032505,27,640,4.22
Male,E01032505,17,626,2.72
Female,E01032506,30,723,4.15
Male,E01032506,27,845,3.2
Female,E01032507,22,824,2.67
Male,E01032507,18,789,2.28
Female,E01032508,36,835,4.31
Male,E01032508,16,830,1.93
Female,E01032509,28,669,4.19
Male,E01032509,13,661,1.97
Female,E01032510,36,946,3.81
Male,E01032510,15,895,1.68
Female,E01032511,18,606,2.97
Male,E01032511,11,590,1.86
Female,E01032903,42,1604,2.62
Male,E01032903,30,1599,1.88
Female,E01033747,37,898,4.12
Male,E01033747,27,890,3.03
Female,E01033748,8,730,1.1
Male,E01033748,10,731,1.37
Female,E01033749,7,842,0.83
Male,E01033749,,577,0.52
Female,E01033750,19,1548,1.23
Male,E01033750,7,1522,0.46
Female,E01033751,26,1667,1.56
Male,E01033751,9,1809,0.5
Female,E01033752,12,1602,0.75
Male,E01033752,6,1797,0.33
Female,E01033753,6,554,1.08
Male,E01033753,7,674,1.04
Female,E01033754,29,1851,1.57
Male,E01033754,18,1876,0.96
Female,E01033755,,902,0.22
Male,E01033755,,1026,0.39
Female,E01033756,,1129,0.35
Male,E01033756,,1319,0.08
Female,E01033757,10,1361,0.73
Male,E01033757,7,1264,0.55
Female,E01033758,11,2734,0.4
Male,E01033758,9,2627,0.34
Female,E01033759,48,1530,3.14
Male,E01033759,17,1299,1.31
Female,E01033760,9,2552,0.35
Male,E01033760,,1953,0.15
Female,E01033761,,1819,0.27
Male,E01033761,,1792,0.22
Female,E01033762,18,3043,0.59
Male,E01033762,9,2695,0.33
Female,E01033763,50,1491,3.35
Male,E01033763,28,1633,1.71
Female,E01033764,77,1710,4.5
Male,E01033764,40,1817,2.2
Female,E01033765,44,814,5.41
Male,E01033765,17,800,2.12
Female,E01033766,14,569,2.46
Male,E01033766,,426,1.17
Female,E01033767,28,514,5.45
Male,E01033767,15,514,2.92
Female,E01033768,24,608,3.95
Male,E01033768,16,811,1.97
